{"generation_conf":{"seed":14,"level_path_length":10,"room_density":0.30000000000000004,"side_room_percentage":0.4,"room_path_complexity":0.30000000000000004,"room_traps_density":0.20000000000000004}}